dataset,rel_id,rel_name,c_r
YAGO,0,<wasBornIn>,0.912479
YAGO,1,<worksAt>,1.22446
YAGO,2,<playsFor>,1.627374
YAGO,3,<hasWonPrize>,1.173126
YAGO,4,<isMarriedTo>,1.323518
YAGO,5,<owns>,1.171884
YAGO,6,<graduatedFrom>,1.089599
YAGO,7,<diedIn>,0.95829
YAGO,8,<isAffiliatedTo>,1.250572
YAGO,9,<created>,1.208431
ICEWS14,0,Criticize or denounce,0.204471
ICEWS14,1,Express intent to meet or negotiate,0.110761
ICEWS14,2,Consult,0.168946
ICEWS14,3,Make an appeal or request,0.140134
ICEWS14,4,"Abduct, hijack, or take hostage",0.160719
ICEWS14,5,Praise or endorse,0.172666
ICEWS14,6,Engage in negotiation,0.200471
ICEWS14,7,Use unconventional violence,0.142757
ICEWS14,8,Make statement,0.190278
ICEWS14,9,"Arrest, detain, or charge with legal action",0.169167
ICEWS14,10,Use conventional military force,0.222209
ICEWS14,11,Complain officially,0.184639
ICEWS14,12,Impose administrative sanctions,0.181925
ICEWS14,13,Express intent to cooperate,0.213248
ICEWS14,14,Make a visit,0.192395
ICEWS14,15,Appeal for de-escalation of military engagement,0.172822
ICEWS14,16,Sign formal agreement,0.197941
ICEWS14,17,Attempt to assassinate,0.165535
ICEWS14,18,Host a visit,0.197625
ICEWS14,19,Increase military alert status,0.194314
ICEWS14,20,"Impose embargo, boycott, or sanctions",0.117003
ICEWS14,21,Provide economic aid,0.178896
ICEWS14,22,Demonstrate or rally,0.191368
ICEWS14,23,Express intent to engage in diplomatic cooperation (such as policy support),0.154543
ICEWS14,24,Appeal for intelligence,0.19382
ICEWS14,25,Demand,0.18944
ICEWS14,26,Carry out suicide bombing,0.203918
ICEWS14,27,Threaten,0.170979
ICEWS14,28,Express intent to provide material aid,0.106165
ICEWS14,29,Grant diplomatic recognition,0.18834
ICEWS14,30,Meet at a 'third' location,0.175542
ICEWS14,31,Accuse,0.201156
ICEWS14,32,Investigate,0.167065
ICEWS14,33,Reject,0.137999
ICEWS14,34,Appeal for diplomatic cooperation (such as policy support),0.200125
ICEWS14,35,Engage in symbolic act,0.188906
ICEWS14,36,"Defy norms, law",0.158793
ICEWS14,37,Consider policy option,0.173865
ICEWS14,38,Provide aid,0.198528
ICEWS14,39,Sexually assault,0.191836
ICEWS14,40,Make empathetic comment,0.199027
ICEWS14,41,Bring lawsuit against,0.187268
ICEWS14,42,"Impose blockade, restrict movement",0.198588
ICEWS14,43,Make pessimistic comment,0.111421
ICEWS14,44,"Protest violently, riot",0.113474
ICEWS14,45,Reduce or break diplomatic relations,0.189562
ICEWS14,46,Grant asylum,0.205771
ICEWS14,47,Engage in diplomatic cooperation,0.19466
ICEWS14,48,Make optimistic comment,0.042598
ICEWS14,49,Torture,0.199404
ICEWS14,50,Refuse to yield,0.1584
ICEWS14,51,Appeal for change in leadership,0.183805
ICEWS14,52,Cooperate militarily,0.191412
ICEWS14,53,Mobilize or increase armed forces,0.250954
ICEWS14,54,fight with small arms and light weapons,0.178753
ICEWS14,55,Ease administrative sanctions,0.193951
ICEWS14,56,Appeal for political reform,0.220539
ICEWS14,57,"Return, release person(s)",0.187596
ICEWS14,58,Discuss by telephone,0.178587
ICEWS14,59,Demonstrate for leadership change,0.207456
ICEWS14,60,Impose restrictions on political freedoms,0.174381
ICEWS14,61,Reduce relations,0.198645
ICEWS14,62,"Investigate crime, corruption",0.11529
ICEWS14,63,Engage in material cooperation,0.201142
ICEWS14,64,Appeal to others to meet or negotiate,0.204754
ICEWS14,65,Provide humanitarian aid,0.188859
ICEWS14,66,Use tactics of violent repression,0.154907
ICEWS14,67,Occupy territory,0.180933
ICEWS14,68,Demand humanitarian aid,0.042598
ICEWS14,69,Threaten non-force,0.207399
ICEWS14,70,Express intent to cooperate economically,0.139388
ICEWS14,71,"Conduct suicide, car, or other non-military bombing",0.12131
ICEWS14,72,Demand diplomatic cooperation (such as policy support),0.168176
ICEWS14,73,"Demand meeting, negotiation",0.202474
ICEWS14,74,Deny responsibility,0.190864
ICEWS14,75,"Express intent to change institutions, regime",0.128088
ICEWS14,76,Give ultimatum,0.12007
ICEWS14,77,Appeal for judicial cooperation,0.198492
ICEWS14,78,Rally support on behalf of,0.164503
ICEWS14,79,"Obstruct passage, block",0.168821
ICEWS14,80,Share intelligence or information,0.10807
ICEWS14,81,Expel or deport individuals,0.188345
ICEWS14,82,Confiscate property,0.130731
ICEWS14,83,Accuse of aggression,0.197025
ICEWS14,84,Physically assault,0.164919
ICEWS14,85,Retreat or surrender militarily,0.137855
ICEWS14,86,Veto,0.188507
ICEWS14,87,Kill by physical assault,0.198032
ICEWS14,88,Assassinate,0.12747
ICEWS14,89,"Appeal for change in institutions, regime",0.107292
ICEWS14,90,Forgive,0.214745
ICEWS14,91,"Reject proposal to meet, discuss, or negotiate",0.19389
ICEWS14,92,Express intent to provide humanitarian aid,0.119522
ICEWS14,93,Appeal for release of persons or property,0.141527
ICEWS14,94,Acknowledge or claim responsibility,0.117168
ICEWS14,95,"Ease economic sanctions, boycott, embargo",0.124476
ICEWS14,96,Express intent to cooperate militarily,0.119998
ICEWS14,97,Cooperate economically,0.198925
ICEWS14,98,Express intent to provide economic aid,0.223981
ICEWS14,99,Mobilize or increase police power,0.188727
ICEWS14,100,Employ aerial weapons,0.141793
ICEWS14,101,Accuse of human rights abuses,0.191452
ICEWS14,102,Conduct strike or boycott,0.192716
ICEWS14,103,Appeal for policy change,0.227876
ICEWS14,104,Demonstrate military or police power,0.122362
ICEWS14,105,Provide military aid,0.220566
ICEWS14,106,"Reject plan, agreement to settle dispute",0.042598
ICEWS14,107,Yield,0.205961
ICEWS14,108,Appeal for easing of administrative sanctions,0.197605
ICEWS14,109,Mediate,0.192033
ICEWS14,110,Apologize,0.190417
ICEWS14,111,Express intent to release persons or property,0.179696
ICEWS14,112,Express intent to de-escalate military engagement,0.108736
ICEWS14,113,Accede to demands for rights,0.210945
ICEWS14,114,Demand economic aid,0.119578
ICEWS14,115,Impose state of emergency or martial law,0.203186
ICEWS14,116,Receive deployment of peacekeepers,0.185911
ICEWS14,117,Demand de-escalation of military engagement,0.119114
ICEWS14,118,"Declare truce, ceasefire",0.151791
ICEWS14,119,Reduce or stop humanitarian assistance,0.12274
ICEWS14,120,Appeal to others to settle dispute,0.145859
ICEWS14,121,Reject request for military aid,0.17323
ICEWS14,122,"Threaten with political dissent, protest",0.129484
ICEWS14,123,Appeal to engage in or accept mediation,0.235718
ICEWS14,124,"Express intent to ease economic sanctions, boycott, or embargo",0.188118
ICEWS14,125,Coerce,0.118572
ICEWS14,126,fight with artillery and tanks,0.190214
ICEWS14,127,Express intent to cooperate on intelligence,0.246246
ICEWS14,128,Express intent to settle dispute,0.213827
ICEWS14,129,Express accord,0.172514
ICEWS14,130,Decline comment,0.18851
ICEWS14,131,Rally opposition against,0.174579
ICEWS14,132,Halt negotiations,0.114896
ICEWS14,133,Demand that target yields,0.183538
ICEWS14,134,Appeal for military aid,0.161107
ICEWS14,135,Threaten with military force,0.183267
ICEWS14,136,Express intent to provide military protection or peacekeeping,0.188736
ICEWS14,137,"Threaten with sanctions, boycott, embargo",0.181037
ICEWS14,138,Express intent to provide military aid,0.210191
ICEWS14,139,Demand change in leadership,0.201788
ICEWS14,140,Appeal for economic aid,0.110346
ICEWS14,141,Refuse to de-escalate military engagement,0.193885
ICEWS14,142,Refuse to release persons or property,0.298045
ICEWS14,143,Increase police alert status,0.18991
ICEWS14,144,"Return, release property",0.145105
ICEWS14,145,Ease military blockade,0.229064
ICEWS14,146,Appeal for material cooperation,0.17479
ICEWS14,147,Express intent to cooperate on judicial matters,0.134236
ICEWS14,148,Appeal for economic cooperation,0.149601
ICEWS14,149,Demand settling of dispute,0.140484
ICEWS14,150,"Accuse of crime, corruption",0.196845
ICEWS14,151,Defend verbally,0.197529
ICEWS14,152,Provide military protection or peacekeeping,0.165603
ICEWS14,153,"Accuse of espionage, treason",0.120731
ICEWS14,154,Seize or damage property,0.185736
ICEWS14,155,Accede to requests or demands for political reform,0.214178
ICEWS14,156,"Appeal for easing of economic sanctions, boycott, or embargo",0.216874
ICEWS14,157,Threaten to reduce or stop aid,0.222641
ICEWS14,158,Engage in judicial cooperation,0.218711
ICEWS14,159,Appeal to yield,0.214739
ICEWS14,160,Demand military aid,0.218274
ICEWS14,161,Refuse to ease administrative sanctions,0.190475
ICEWS14,162,Demand release of persons or property,0.201709
ICEWS14,163,Accede to demands for change in leadership,0.133587
ICEWS14,164,Appeal for humanitarian aid,0.144327
ICEWS14,165,Threaten with repression,0.157664
ICEWS14,166,"Demand change in institutions, regime",0.156132
ICEWS14,167,Demonstrate for policy change,0.151138
ICEWS14,168,Appeal for aid,0.1929
ICEWS14,169,Appeal for rights,0.246018
ICEWS14,170,Engage in violent protest for rights,0.169639
ICEWS14,171,Express intent to mediate,0.199237
ICEWS14,172,Expel or withdraw peacekeepers,0.184925
ICEWS14,173,Appeal for military protection or peacekeeping,0.184132
ICEWS14,174,Engage in mass killings,0.209815
ICEWS14,175,Accuse of war crimes,0.143734
ICEWS14,176,Reject military cooperation,0.182251
ICEWS14,177,Threaten to halt negotiations,0.209508
ICEWS14,178,Ban political parties or politicians,0.187748
ICEWS14,179,Express intent to change leadership,0.042598
ICEWS14,180,Demand material cooperation,0.166059
ICEWS14,181,Express intent to institute political reform,0.174689
ICEWS14,182,Demand easing of administrative sanctions,0.162326
ICEWS14,183,Express intent to engage in material cooperation,0.166725
ICEWS14,184,Reduce or stop economic assistance,0.122698
ICEWS14,185,Express intent to ease administrative sanctions,0.190639
ICEWS14,186,Demand intelligence cooperation,0.164713
ICEWS14,187,Ease curfew,0.176097
ICEWS14,188,Receive inspectors,0.195547
ICEWS14,189,Demand rights,0.187182
ICEWS14,190,Demand political reform,0.18417
ICEWS14,191,Demand judicial cooperation,0.197171
ICEWS14,192,Engage in political dissent,0.127078
ICEWS14,193,Detonate nuclear weapons,0.11639
ICEWS14,194,Violate ceasefire,0.246939
ICEWS14,195,Express intent to accept mediation,0.117502
ICEWS14,196,"Refuse to ease economic sanctions, boycott, or embargo",0.178843
ICEWS14,197,Demand mediation,0.189152
ICEWS14,198,Obstruct passage to demand leadership change,0.042598
ICEWS14,199,Express intent to yield,0.042598
ICEWS14,200,Conduct hunger strike,0.122797
ICEWS14,201,Threaten to halt mediation,0.147882
ICEWS14,202,Reject judicial cooperation,0.197233
ICEWS14,203,Reduce or stop military assistance,0.187364
ICEWS14,204,Ease political dissent,0.127544
ICEWS14,205,Threaten to reduce or break relations,0.20071
ICEWS14,206,Demobilize armed forces,0.207642
ICEWS14,207,Use as human shield,0.215893
ICEWS14,208,Demand policy change,0.193443
ICEWS14,209,"Accede to demands for change in institutions, regime",0.204964
ICEWS14,210,Reject economic cooperation,0.141115
ICEWS14,211,Reject material cooperation,0.042598
ICEWS14,212,Halt mediation,0.160468
ICEWS14,213,Accede to demands for change in policy,0.159069
ICEWS14,214,Investigate war crimes,0.042598
ICEWS14,215,Threaten with administrative sanctions,0.165472
ICEWS14,216,Reduce or stop material aid,0.191185
ICEWS14,217,Destroy property,0.14977
ICEWS14,218,Express intent to change policy,0.163684
ICEWS14,219,"Use chemical, biological, or radiological weapons",0.17522
ICEWS14,220,Reject request for military protection or peacekeeping,0.149662
ICEWS14,221,Demand material aid,0.186694
ICEWS14,222,Engage in mass expulsion,0.192708
ICEWS14,223,Investigate human rights abuses,0.177996
ICEWS14,224,Carry out car bombing,0.197107
ICEWS14,225,Expel or withdraw,0.155893
ICEWS14,226,Ease state of emergency or martial law,0.199706
ICEWS14,227,Carry out roadside bombing,0.19549
ICEWS14,228,Appeal for target to allow international involvement (non-mediation),0.166337
ICEWS14,229,Reject request for change in leadership,0.182223
ICEWS18,0,Criticize or denounce,0.146432
ICEWS18,1,Express intent to meet or negotiate,0.123942
ICEWS18,2,Consult,0.151597
ICEWS18,3,Make an appeal or request,0.109425
ICEWS18,4,"Abduct, hijack, or take hostage",0.130945
ICEWS18,5,Praise or endorse,0.140977
ICEWS18,6,Engage in negotiation,0.143712
ICEWS18,7,Use unconventional violence,0.126161
ICEWS18,8,Make statement,0.144845
ICEWS18,9,"Arrest, detain, or charge with legal action",0.157991
ICEWS18,10,Use conventional military force,0.155805
ICEWS18,11,Complain officially,0.162776
ICEWS18,12,Impose administrative sanctions,0.139046
ICEWS18,13,Express intent to cooperate,0.15332
ICEWS18,14,Make a visit,0.146287
ICEWS18,15,Appeal for de-escalation of military engagement,0.164169
ICEWS18,16,Sign formal agreement,0.152076
ICEWS18,17,Attempt to assassinate,0.137764
ICEWS18,18,Host a visit,0.140661
ICEWS18,19,Increase military alert status,0.1475
ICEWS18,20,"Impose embargo, boycott, or sanctions",0.151825
ICEWS18,21,Provide economic aid,0.15352
ICEWS18,22,Demonstrate or rally,0.140602
ICEWS18,23,Express intent to engage in diplomatic cooperation (such as policy support),0.175979
ICEWS18,24,Appeal for intelligence,0.160328
ICEWS18,25,Demand,0.149742
ICEWS18,26,Carry out suicide bombing,0.148745
ICEWS18,27,Threaten,0.139748
ICEWS18,28,Express intent to provide material aid,0.148288
ICEWS18,29,Grant diplomatic recognition,0.122745
ICEWS18,30,Meet at a 'third' location,0.116657
ICEWS18,31,Accuse,0.143771
ICEWS18,32,Investigate,0.182774
ICEWS18,33,Reject,0.155063
ICEWS18,34,Appeal for diplomatic cooperation (such as policy support),0.151156
ICEWS18,35,Engage in symbolic act,0.127748
ICEWS18,36,"Defy norms, law",0.146874
ICEWS18,37,Consider policy option,0.142768
ICEWS18,38,Provide aid,0.119851
ICEWS18,39,Sexually assault,0.142599
ICEWS18,40,Make empathetic comment,0.149369
ICEWS18,41,Bring lawsuit against,0.14931
ICEWS18,42,"Impose blockade, restrict movement",0.183702
ICEWS18,43,Make pessimistic comment,0.155869
ICEWS18,44,"Protest violently, riot",0.159058
ICEWS18,45,Reduce or break diplomatic relations,0.120224
ICEWS18,46,Grant asylum,0.152301
ICEWS18,47,Engage in diplomatic cooperation,0.139373
ICEWS18,48,Make optimistic comment,0.152355
ICEWS18,49,Torture,0.114415
ICEWS18,50,Refuse to yield,0.14272
ICEWS18,51,Appeal for change in leadership,0.136648
ICEWS18,52,Cooperate militarily,0.162794
ICEWS18,53,Mobilize or increase armed forces,0.031674
ICEWS18,54,fight with small arms and light weapons,0.122942
ICEWS18,55,Ease administrative sanctions,0.164752
ICEWS18,56,Appeal for political reform,0.135332
ICEWS18,57,"Return, release person(s)",0.157668
ICEWS18,58,Discuss by telephone,0.134449
ICEWS18,59,Demonstrate for leadership change,0.150827
ICEWS18,60,Impose restrictions on political freedoms,0.142649
ICEWS18,61,Reduce relations,0.138712
ICEWS18,62,"Investigate crime, corruption",0.152498
ICEWS18,63,Engage in material cooperation,0.145236
ICEWS18,64,Appeal to others to meet or negotiate,0.127569
ICEWS18,65,Provide humanitarian aid,0.142881
ICEWS18,66,Use tactics of violent repression,0.128476
ICEWS18,67,Occupy territory,0.160195
ICEWS18,68,Demand humanitarian aid,0.150857
ICEWS18,69,Threaten non-force,0.15152
ICEWS18,70,Express intent to cooperate economically,0.141521
ICEWS18,71,"Conduct suicide, car, or other non-military bombing",0.031674
ICEWS18,72,Demand diplomatic cooperation (such as policy support),0.031674
ICEWS18,73,"Demand meeting, negotiation",0.158946
ICEWS18,74,Deny responsibility,0.11964
ICEWS18,75,"Express intent to change institutions, regime",0.111226
ICEWS18,76,Give ultimatum,0.144918
ICEWS18,77,Appeal for judicial cooperation,0.147803
ICEWS18,78,Rally support on behalf of,0.152692
ICEWS18,79,"Obstruct passage, block",0.146915
ICEWS18,80,Share intelligence or information,0.150357
ICEWS18,81,Expel or deport individuals,0.148432
ICEWS18,82,Confiscate property,0.094008
ICEWS18,83,Accuse of aggression,0.15939
ICEWS18,84,Physically assault,0.155841
ICEWS18,85,Retreat or surrender militarily,0.154272
ICEWS18,86,Veto,0.208931
ICEWS18,87,Kill by physical assault,0.124449
ICEWS18,88,Assassinate,0.135303
ICEWS18,89,"Appeal for change in institutions, regime",0.118186
ICEWS18,90,Forgive,0.158569
ICEWS18,91,"Reject proposal to meet, discuss, or negotiate",0.156757
ICEWS18,92,Express intent to provide humanitarian aid,0.139735
ICEWS18,93,Appeal for release of persons or property,0.148199
ICEWS18,94,Acknowledge or claim responsibility,0.152078
ICEWS18,95,"Ease economic sanctions, boycott, embargo",0.15286
ICEWS18,96,Express intent to cooperate militarily,0.117986
ICEWS18,97,Cooperate economically,0.184814
ICEWS18,98,Express intent to provide economic aid,0.146483
ICEWS18,99,Mobilize or increase police power,0.134118
ICEWS18,100,Employ aerial weapons,0.031674
ICEWS18,101,Accuse of human rights abuses,0.160764
ICEWS18,102,Conduct strike or boycott,0.121603
ICEWS18,103,Appeal for policy change,0.162087
ICEWS18,104,Demonstrate military or police power,0.161047
ICEWS18,105,Provide military aid,0.10753
ICEWS18,106,"Reject plan, agreement to settle dispute",0.139494
ICEWS18,107,Yield,0.165527
ICEWS18,108,Appeal for easing of administrative sanctions,0.136468
ICEWS18,109,Mediate,0.125126
ICEWS18,110,Apologize,0.160881
ICEWS18,111,Express intent to release persons or property,0.157683
ICEWS18,112,Express intent to de-escalate military engagement,0.156162
ICEWS18,113,Accede to demands for rights,0.153301
ICEWS18,114,Demand economic aid,0.17926
ICEWS18,115,Impose state of emergency or martial law,0.187789
ICEWS18,116,Receive deployment of peacekeepers,0.089876
ICEWS18,117,Demand de-escalation of military engagement,0.153277
ICEWS18,118,"Declare truce, ceasefire",0.176933
ICEWS18,119,Reduce or stop humanitarian assistance,0.164303
ICEWS18,120,Appeal to others to settle dispute,0.189926
ICEWS18,121,Reject request for military aid,0.179373
ICEWS18,122,"Threaten with political dissent, protest",0.125865
ICEWS18,123,Appeal to engage in or accept mediation,0.116
ICEWS18,124,"Express intent to ease economic sanctions, boycott, or embargo",0.152119
ICEWS18,125,Coerce,0.12306
ICEWS18,126,fight with artillery and tanks,0.138025
ICEWS18,127,Express intent to cooperate on intelligence,0.123649
ICEWS18,128,Express intent to settle dispute,0.175074
ICEWS18,129,Express accord,0.127504
ICEWS18,130,Decline comment,0.142112
ICEWS18,131,Rally opposition against,0.127087
ICEWS18,132,Halt negotiations,0.144659
ICEWS18,133,Demand that target yields,0.122505
ICEWS18,134,Appeal for military aid,0.144147
ICEWS18,135,Threaten with military force,0.160929
ICEWS18,136,Express intent to provide military protection or peacekeeping,0.120402
ICEWS18,137,"Threaten with sanctions, boycott, embargo",0.149467
ICEWS18,138,Express intent to provide military aid,0.147848
ICEWS18,139,Demand change in leadership,0.137343
ICEWS18,140,Appeal for economic aid,0.129829
ICEWS18,141,Refuse to de-escalate military engagement,0.161295
ICEWS18,142,Refuse to release persons or property,0.141775
ICEWS18,143,Increase police alert status,0.122695
ICEWS18,144,"Return, release property",0.14494
ICEWS18,145,Ease military blockade,0.151153
ICEWS18,146,Appeal for material cooperation,0.160109
ICEWS18,147,Express intent to cooperate on judicial matters,0.142975
ICEWS18,148,Appeal for economic cooperation,0.1463
ICEWS18,149,Demand settling of dispute,0.176273
ICEWS18,150,"Accuse of crime, corruption",0.149628
ICEWS18,151,Defend verbally,0.102923
ICEWS18,152,Provide military protection or peacekeeping,0.144491
ICEWS18,153,"Accuse of espionage, treason",0.337434
ICEWS18,154,Seize or damage property,0.137373
ICEWS18,155,Accede to requests or demands for political reform,0.127897
ICEWS18,156,"Appeal for easing of economic sanctions, boycott, or embargo",0.145701
ICEWS18,157,Threaten to reduce or stop aid,0.209736
ICEWS18,158,Engage in judicial cooperation,0.158961
ICEWS18,159,Appeal to yield,0.169255
ICEWS18,160,Demand military aid,0.123552
ICEWS18,161,Refuse to ease administrative sanctions,0.111938
ICEWS18,162,Demand release of persons or property,0.151899
ICEWS18,163,Accede to demands for change in leadership,0.147739
ICEWS18,164,Appeal for humanitarian aid,0.147923
ICEWS18,165,Threaten with repression,0.081076
ICEWS18,166,"Demand change in institutions, regime",0.133006
ICEWS18,167,Demonstrate for policy change,0.142397
ICEWS18,168,Appeal for aid,0.129148
ICEWS18,169,Appeal for rights,0.139949
ICEWS18,170,Engage in violent protest for rights,0.146435
ICEWS18,171,Express intent to mediate,0.1454
ICEWS18,172,Expel or withdraw peacekeepers,0.143154
ICEWS18,173,Appeal for military protection or peacekeeping,0.14696
ICEWS18,174,Engage in mass killings,0.139103
ICEWS18,175,Accuse of war crimes,0.176045
ICEWS18,176,Reject military cooperation,0.112894
ICEWS18,177,Threaten to halt negotiations,0.135686
ICEWS18,178,Ban political parties or politicians,0.149084
ICEWS18,179,Express intent to change leadership,0.127823
ICEWS18,180,Demand material cooperation,0.159004
ICEWS18,181,Express intent to institute political reform,0.122401
ICEWS18,182,Demand easing of administrative sanctions,0.136811
ICEWS18,183,Express intent to engage in material cooperation,0.145018
ICEWS18,184,Reduce or stop economic assistance,0.145667
ICEWS18,185,Express intent to ease administrative sanctions,0.1487
ICEWS18,186,Demand intelligence cooperation,0.149224
ICEWS18,187,Ease curfew,0.139227
ICEWS18,188,Receive inspectors,0.173376
ICEWS18,189,Demand rights,0.155334
ICEWS18,190,Demand political reform,0.140084
ICEWS18,191,Demand judicial cooperation,0.158418
ICEWS18,192,Engage in political dissent,0.203193
ICEWS18,193,Detonate nuclear weapons,0.204099
ICEWS18,194,Violate ceasefire,0.127304
ICEWS18,195,Express intent to accept mediation,0.150995
ICEWS18,196,"Refuse to ease economic sanctions, boycott, or embargo",0.135046
ICEWS18,197,Demand mediation,0.166472
ICEWS18,198,Obstruct passage to demand leadership change,0.156385
ICEWS18,199,Express intent to yield,0.145093
ICEWS18,200,Conduct hunger strike,0.183808
ICEWS18,201,Threaten to halt mediation,0.16372
ICEWS18,202,Reject judicial cooperation,0.145772
ICEWS18,203,Reduce or stop military assistance,0.195117
ICEWS18,204,Ease political dissent,0.124959
ICEWS18,205,Threaten to reduce or break relations,0.14582
ICEWS18,206,Demobilize armed forces,0.148833
ICEWS18,207,Use as human shield,0.147044
ICEWS18,208,Demand policy change,0.12347
ICEWS18,209,"Accede to demands for change in institutions, regime",0.13158
ICEWS18,210,Reject economic cooperation,0.158419
ICEWS18,211,Reject material cooperation,0.138623
ICEWS18,212,Halt mediation,0.079162
ICEWS18,213,Accede to demands for change in policy,0.151344
ICEWS18,214,Investigate war crimes,0.155653
ICEWS18,215,Threaten with administrative sanctions,0.130438
ICEWS18,216,Reduce or stop material aid,0.145215
ICEWS18,217,Destroy property,0.104138
ICEWS18,218,Express intent to change policy,0.082814
ICEWS18,219,"Use chemical, biological, or radiological weapons",0.141672
ICEWS18,220,Reject request for military protection or peacekeeping,0.086424
ICEWS18,221,Demand material aid,0.121877
ICEWS18,222,Engage in mass expulsion,0.133098
ICEWS18,223,Investigate human rights abuses,0.145644
ICEWS18,224,Carry out car bombing,0.152765
ICEWS18,225,Expel or withdraw,0.124124
ICEWS18,226,Ease state of emergency or martial law,0.145006
ICEWS18,227,Carry out roadside bombing,0.150927
ICEWS18,228,Appeal for target to allow international involvement (non-mediation),0.138204
ICEWS18,229,Reject request for change in leadership,0.142786
ICEWS18,230,rel_230,0.168064
ICEWS18,231,rel_231,0.150494
ICEWS18,232,rel_232,0.031674
ICEWS18,233,rel_233,0.145987
ICEWS18,234,rel_234,0.10927
ICEWS18,235,rel_235,0.137936
ICEWS18,236,rel_236,0.158286
ICEWS18,237,rel_237,0.143718
ICEWS18,238,rel_238,0.145766
ICEWS18,239,rel_239,0.120002
ICEWS18,240,rel_240,0.137033
ICEWS18,241,rel_241,0.165869
ICEWS18,242,rel_242,0.126372
ICEWS18,243,rel_243,0.150042
ICEWS18,244,rel_244,0.123732
ICEWS18,245,rel_245,0.135249
ICEWS18,246,rel_246,0.1427
ICEWS18,247,rel_247,0.134026
ICEWS18,248,rel_248,0.143348
ICEWS18,249,rel_249,0.107736
ICEWS18,250,rel_250,0.131054
ICEWS18,251,rel_251,0.155026
ICEWS18,252,rel_252,0.13846
ICEWS18,253,rel_253,0.130671
ICEWS18,254,rel_254,0.132854
ICEWS18,255,rel_255,0.165065
ICEWS05-15,0,Criticize or denounce,0.118038
ICEWS05-15,1,Express intent to meet or negotiate,0.077759
ICEWS05-15,2,Consult,0.092099
ICEWS05-15,3,Make an appeal or request,0.072945
ICEWS05-15,4,"Abduct, hijack, or take hostage",0.091043
ICEWS05-15,5,Praise or endorse,0.080046
ICEWS05-15,6,Engage in negotiation,0.113029
ICEWS05-15,7,Use unconventional violence,0.075997
ICEWS05-15,8,Make statement,0.099877
ICEWS05-15,9,"Arrest, detain, or charge with legal action",0.094193
ICEWS05-15,10,Use conventional military force,0.147152
ICEWS05-15,11,Complain officially,0.090625
ICEWS05-15,12,Impose administrative sanctions,0.103296
ICEWS05-15,13,Express intent to cooperate,0.069064
ICEWS05-15,14,Make a visit,0.106179
ICEWS05-15,15,Appeal for de-escalation of military engagement,0.092073
ICEWS05-15,16,Sign formal agreement,0.086337
ICEWS05-15,17,Attempt to assassinate,0.099807
ICEWS05-15,18,Host a visit,0.099596
ICEWS05-15,19,Increase military alert status,0.114221
ICEWS05-15,20,"Impose embargo, boycott, or sanctions",0.092856
ICEWS05-15,21,Provide economic aid,0.076342
ICEWS05-15,22,Demonstrate or rally,0.081872
ICEWS05-15,23,Express intent to engage in diplomatic cooperation (such as policy support),0.084067
ICEWS05-15,24,Appeal for intelligence,0.104129
ICEWS05-15,25,Demand,0.080756
ICEWS05-15,26,Carry out suicide bombing,0.100935
ICEWS05-15,27,Threaten,0.097381
ICEWS05-15,28,Express intent to provide material aid,0.092573
ICEWS05-15,29,Grant diplomatic recognition,0.080766
ICEWS05-15,30,Meet at a 'third' location,0.073231
ICEWS05-15,31,Accuse,0.074496
ICEWS05-15,32,Investigate,0.092899
ICEWS05-15,33,Reject,0.081631
ICEWS05-15,34,Appeal for diplomatic cooperation (such as policy support),0.096003
ICEWS05-15,35,Engage in symbolic act,0.079744
ICEWS05-15,36,"Defy norms, law",0.07723
ICEWS05-15,37,Consider policy option,0.092149
ICEWS05-15,38,Provide aid,0.099561
ICEWS05-15,39,Sexually assault,0.08146
ICEWS05-15,40,Make empathetic comment,0.085209
ICEWS05-15,41,Bring lawsuit against,0.11358
ICEWS05-15,42,"Impose blockade, restrict movement",0.105085
ICEWS05-15,43,Make pessimistic comment,0.090755
ICEWS05-15,44,"Protest violently, riot",0.094767
ICEWS05-15,45,Reduce or break diplomatic relations,0.107034
ICEWS05-15,46,Grant asylum,0.086996
ICEWS05-15,47,Engage in diplomatic cooperation,0.090657
ICEWS05-15,48,Make optimistic comment,0.10636
ICEWS05-15,49,Torture,0.103762
ICEWS05-15,50,Refuse to yield,0.085908
ICEWS05-15,51,Appeal for change in leadership,0.09949
ICEWS05-15,52,Cooperate militarily,0.120551
ICEWS05-15,53,Mobilize or increase armed forces,0.090214
ICEWS05-15,54,fight with small arms and light weapons,0.100835
ICEWS05-15,55,Ease administrative sanctions,0.109364
ICEWS05-15,56,Appeal for political reform,0.154843
ICEWS05-15,57,"Return, release person(s)",0.103589
ICEWS05-15,58,Discuss by telephone,0.116587
ICEWS05-15,59,Demonstrate for leadership change,0.121265
ICEWS05-15,60,Impose restrictions on political freedoms,0.08679
ICEWS05-15,61,Reduce relations,0.096606
ICEWS05-15,62,"Investigate crime, corruption",0.095665
ICEWS05-15,63,Engage in material cooperation,0.088292
ICEWS05-15,64,Appeal to others to meet or negotiate,0.116889
ICEWS05-15,65,Provide humanitarian aid,0.076534
ICEWS05-15,66,Use tactics of violent repression,0.094924
ICEWS05-15,67,Occupy territory,0.08872
ICEWS05-15,68,Demand humanitarian aid,0.094995
ICEWS05-15,69,Threaten non-force,0.079705
ICEWS05-15,70,Express intent to cooperate economically,0.091858
ICEWS05-15,71,"Conduct suicide, car, or other non-military bombing",0.086501
ICEWS05-15,72,Demand diplomatic cooperation (such as policy support),0.073818
ICEWS05-15,73,"Demand meeting, negotiation",0.076721
ICEWS05-15,74,Deny responsibility,0.083005
ICEWS05-15,75,"Express intent to change institutions, regime",0.08115
ICEWS05-15,76,Give ultimatum,0.080683
ICEWS05-15,77,Appeal for judicial cooperation,0.081331
ICEWS05-15,78,Rally support on behalf of,0.082244
ICEWS05-15,79,"Obstruct passage, block",0.086045
ICEWS05-15,80,Share intelligence or information,0.079884
ICEWS05-15,81,Expel or deport individuals,0.083481
ICEWS05-15,82,Confiscate property,0.078142
ICEWS05-15,83,Accuse of aggression,0.079141
ICEWS05-15,84,Physically assault,0.083652
ICEWS05-15,85,Retreat or surrender militarily,0.089762
ICEWS05-15,86,Veto,0.082209
ICEWS05-15,87,Kill by physical assault,0.074748
ICEWS05-15,88,Assassinate,0.091373
ICEWS05-15,89,"Appeal for change in institutions, regime",0.084324
ICEWS05-15,90,Forgive,0.077182
ICEWS05-15,91,"Reject proposal to meet, discuss, or negotiate",0.105237
ICEWS05-15,92,Express intent to provide humanitarian aid,0.119246
ICEWS05-15,93,Appeal for release of persons or property,0.090215
ICEWS05-15,94,Acknowledge or claim responsibility,0.069203
ICEWS05-15,95,"Ease economic sanctions, boycott, embargo",0.159515
ICEWS05-15,96,Express intent to cooperate militarily,0.104048
ICEWS05-15,97,Cooperate economically,0.089105
ICEWS05-15,98,Express intent to provide economic aid,0.072003
ICEWS05-15,99,Mobilize or increase police power,0.08594
ICEWS05-15,100,Employ aerial weapons,0.07021
ICEWS05-15,101,Accuse of human rights abuses,0.091019
ICEWS05-15,102,Conduct strike or boycott,0.080471
ICEWS05-15,103,Appeal for policy change,0.079472
ICEWS05-15,104,Demonstrate military or police power,0.088353
ICEWS05-15,105,Provide military aid,0.119302
ICEWS05-15,106,"Reject plan, agreement to settle dispute",0.092522
ICEWS05-15,107,Yield,0.081438
ICEWS05-15,108,Appeal for easing of administrative sanctions,0.08351
ICEWS05-15,109,Mediate,0.081911
ICEWS05-15,110,Apologize,0.109977
ICEWS05-15,111,Express intent to release persons or property,0.146298
ICEWS05-15,112,Express intent to de-escalate military engagement,0.078097
ICEWS05-15,113,Accede to demands for rights,0.132673
ICEWS05-15,114,Demand economic aid,0.087245
ICEWS05-15,115,Impose state of emergency or martial law,0.074767
ICEWS05-15,116,Receive deployment of peacekeepers,0.12073
ICEWS05-15,117,Demand de-escalation of military engagement,0.083948
ICEWS05-15,118,"Declare truce, ceasefire",0.081517
ICEWS05-15,119,Reduce or stop humanitarian assistance,0.112126
ICEWS05-15,120,Appeal to others to settle dispute,0.093323
ICEWS05-15,121,Reject request for military aid,0.074686
ICEWS05-15,122,"Threaten with political dissent, protest",0.069779
ICEWS05-15,123,Appeal to engage in or accept mediation,0.085689
ICEWS05-15,124,"Express intent to ease economic sanctions, boycott, or embargo",0.07171
ICEWS05-15,125,Coerce,0.11817
ICEWS05-15,126,fight with artillery and tanks,0.105085
ICEWS05-15,127,Express intent to cooperate on intelligence,0.093315
ICEWS05-15,128,Express intent to settle dispute,0.074229
ICEWS05-15,129,Express accord,0.078872
ICEWS05-15,130,Decline comment,0.07466
ICEWS05-15,131,Rally opposition against,0.086223
ICEWS05-15,132,Halt negotiations,0.083232
ICEWS05-15,133,Demand that target yields,0.12766
ICEWS05-15,134,Appeal for military aid,0.088007
ICEWS05-15,135,Threaten with military force,0.080527
ICEWS05-15,136,Express intent to provide military protection or peacekeeping,0.0847
ICEWS05-15,137,"Threaten with sanctions, boycott, embargo",0.141255
ICEWS05-15,138,Express intent to provide military aid,0.126658
ICEWS05-15,139,Demand change in leadership,0.11318
ICEWS05-15,140,Appeal for economic aid,0.117129
ICEWS05-15,141,Refuse to de-escalate military engagement,0.095831
ICEWS05-15,142,Refuse to release persons or property,0.090851
ICEWS05-15,143,Increase police alert status,0.104195
ICEWS05-15,144,"Return, release property",0.099207
ICEWS05-15,145,Ease military blockade,0.088147
ICEWS05-15,146,Appeal for material cooperation,0.079965
ICEWS05-15,147,Express intent to cooperate on judicial matters,0.087326
ICEWS05-15,148,Appeal for economic cooperation,0.095553
ICEWS05-15,149,Demand settling of dispute,0.106435
ICEWS05-15,150,"Accuse of crime, corruption",0.070193
ICEWS05-15,151,Defend verbally,0.088246
ICEWS05-15,152,Provide military protection or peacekeeping,0.2068
ICEWS05-15,153,"Accuse of espionage, treason",0.107144
ICEWS05-15,154,Seize or damage property,0.085004
ICEWS05-15,155,Accede to requests or demands for political reform,0.076953
ICEWS05-15,156,"Appeal for easing of economic sanctions, boycott, or embargo",0.114916
ICEWS05-15,157,Threaten to reduce or stop aid,0.098943
ICEWS05-15,158,Engage in judicial cooperation,0.076547
ICEWS05-15,159,Appeal to yield,0.082402
ICEWS05-15,160,Demand military aid,0.0751
ICEWS05-15,161,Refuse to ease administrative sanctions,0.114282
ICEWS05-15,162,Demand release of persons or property,0.101284
ICEWS05-15,163,Accede to demands for change in leadership,0.093464
ICEWS05-15,164,Appeal for humanitarian aid,0.090416
ICEWS05-15,165,Threaten with repression,0.081638
ICEWS05-15,166,"Demand change in institutions, regime",0.094789
ICEWS05-15,167,Demonstrate for policy change,0.125092
ICEWS05-15,168,Appeal for aid,0.124488
ICEWS05-15,169,Appeal for rights,0.138697
ICEWS05-15,170,Engage in violent protest for rights,0.119347
ICEWS05-15,171,Express intent to mediate,0.119723
ICEWS05-15,172,Expel or withdraw peacekeepers,0.123182
ICEWS05-15,173,Appeal for military protection or peacekeeping,0.090935
ICEWS05-15,174,Engage in mass killings,0.124696
ICEWS05-15,175,Accuse of war crimes,0.084519
ICEWS05-15,176,Reject military cooperation,0.082534
ICEWS05-15,177,Threaten to halt negotiations,0.082924
ICEWS05-15,178,Ban political parties or politicians,0.087046
ICEWS05-15,179,Express intent to change leadership,0.098263
ICEWS05-15,180,Demand material cooperation,0.140513
ICEWS05-15,181,Express intent to institute political reform,0.09127
ICEWS05-15,182,Demand easing of administrative sanctions,0.120624
ICEWS05-15,183,Express intent to engage in material cooperation,0.126369
ICEWS05-15,184,Reduce or stop economic assistance,0.110987
ICEWS05-15,185,Express intent to ease administrative sanctions,0.106894
ICEWS05-15,186,Demand intelligence cooperation,0.084134
ICEWS05-15,187,Ease curfew,0.101975
ICEWS05-15,188,Receive inspectors,0.126437
ICEWS05-15,189,Demand rights,0.125283
ICEWS05-15,190,Demand political reform,0.078615
ICEWS05-15,191,Demand judicial cooperation,0.103514
ICEWS05-15,192,Engage in political dissent,0.094178
ICEWS05-15,193,Detonate nuclear weapons,0.091584
ICEWS05-15,194,Violate ceasefire,0.096371
ICEWS05-15,195,Express intent to accept mediation,0.075177
ICEWS05-15,196,"Refuse to ease economic sanctions, boycott, or embargo",0.11183
ICEWS05-15,197,Demand mediation,0.07575
ICEWS05-15,198,Obstruct passage to demand leadership change,0.090933
ICEWS05-15,199,Express intent to yield,0.094578
ICEWS05-15,200,Conduct hunger strike,0.101494
ICEWS05-15,201,Threaten to halt mediation,0.098863
ICEWS05-15,202,Reject judicial cooperation,0.115164
ICEWS05-15,203,Reduce or stop military assistance,0.080348
ICEWS05-15,204,Ease political dissent,0.07962
ICEWS05-15,205,Threaten to reduce or break relations,0.113475
ICEWS05-15,206,Demobilize armed forces,0.074534
ICEWS05-15,207,Use as human shield,0.082513
ICEWS05-15,208,Demand policy change,0.095534
ICEWS05-15,209,"Accede to demands for change in institutions, regime",0.112184
ICEWS05-15,210,Reject economic cooperation,0.079066
ICEWS05-15,211,Reject material cooperation,0.084405
ICEWS05-15,212,Halt mediation,0.094419
ICEWS05-15,213,Accede to demands for change in policy,0.073474
ICEWS05-15,214,Investigate war crimes,0.071067
ICEWS05-15,215,Threaten with administrative sanctions,0.084966
ICEWS05-15,216,Reduce or stop material aid,0.084153
ICEWS05-15,217,Destroy property,0.079387
ICEWS05-15,218,Express intent to change policy,0.087074
ICEWS05-15,219,"Use chemical, biological, or radiological weapons",0.115069
ICEWS05-15,220,Reject request for military protection or peacekeeping,0.078975
ICEWS05-15,221,Demand material aid,0.093795
ICEWS05-15,222,Engage in mass expulsion,0.100166
ICEWS05-15,223,Investigate human rights abuses,0.114188
ICEWS05-15,224,Carry out car bombing,0.13383
ICEWS05-15,225,Expel or withdraw,0.11111
ICEWS05-15,226,Ease state of emergency or martial law,0.093856
ICEWS05-15,227,Carry out roadside bombing,0.074726
ICEWS05-15,228,Appeal for target to allow international involvement (non-mediation),0.073085
ICEWS05-15,229,Reject request for change in leadership,0.078318
ICEWS05-15,230,rel_230,0.07227
ICEWS05-15,231,rel_231,0.0707
ICEWS05-15,232,rel_232,0.09115
ICEWS05-15,233,rel_233,0.080907
ICEWS05-15,234,rel_234,0.086541
ICEWS05-15,235,rel_235,0.106718
ICEWS05-15,236,rel_236,0.086439
ICEWS05-15,237,rel_237,0.086752
ICEWS05-15,238,rel_238,0.088227
ICEWS05-15,239,rel_239,0.080282
ICEWS05-15,240,rel_240,0.092339
ICEWS05-15,241,rel_241,0.091326
ICEWS05-15,242,rel_242,0.085364
ICEWS05-15,243,rel_243,0.104147
ICEWS05-15,244,rel_244,0.096691
ICEWS05-15,245,rel_245,0.106377
ICEWS05-15,246,rel_246,0.067035
ICEWS05-15,247,rel_247,0.095082
ICEWS05-15,248,rel_248,0.102478
ICEWS05-15,249,rel_249,0.091517
ICEWS05-15,250,rel_250,0.098853
WIKI,0,capital_of,0.084562
WIKI,1,located_in_admin_entity,0.083961
WIKI,2,title_chess,0.089036
WIKI,3,ICEWS_actor_code,0.082002
WIKI,4,academic_degree,0.088883
WIKI,5,sister_city,0.079679
WIKI,6,country,0.095841
WIKI,7,head_of_government,0.07589
WIKI,8,spouse,0.162786
WIKI,9,member_of,0.134657
WIKI,10,employer,0.095943
WIKI,11,member_of_political_party,0.105021
WIKI,12,country_of_citizenship,0.081399
WIKI,13,heritage_designation,0.131755
WIKI,14,position_held,0.093942
WIKI,15,instance_of,0.140103
WIKI,16,winner,0.082052
WIKI,17,award_received,0.078734
WIKI,18,contains_admin_division,0.118789
WIKI,19,residence,0.115042
WIKI,20,nominated_for,0.093929
WIKI,21,significant_event,0.106267
WIKI,22,member_of_sports_team,0.09146
WIKI,23,educated_at,0.085021
tkgl-smallpedia,0,rel_0,0.107152
tkgl-smallpedia,1,rel_1,0.15252
tkgl-smallpedia,2,rel_2,0.107768
tkgl-smallpedia,3,rel_3,0.122203
tkgl-smallpedia,4,rel_4,0.086017
tkgl-smallpedia,5,rel_5,0.077192
tkgl-smallpedia,6,rel_6,0.109164
tkgl-smallpedia,7,rel_7,0.166743
tkgl-smallpedia,8,rel_8,0.136209
tkgl-smallpedia,9,rel_9,0.140134
tkgl-smallpedia,10,rel_10,0.134
tkgl-smallpedia,11,rel_11,0.096629
tkgl-smallpedia,12,rel_12,0.092956
tkgl-smallpedia,13,rel_13,0.073558
tkgl-smallpedia,14,rel_14,0.09858
tkgl-smallpedia,15,rel_15,0.136382
tkgl-smallpedia,16,rel_16,0.066846
tkgl-smallpedia,17,rel_17,0.103585
tkgl-smallpedia,18,rel_18,0.115504
tkgl-smallpedia,19,rel_19,0.071262
tkgl-smallpedia,20,rel_20,0.08515
tkgl-smallpedia,21,rel_21,0.097356
tkgl-smallpedia,22,rel_22,0.081507
tkgl-smallpedia,23,rel_23,0.074131
tkgl-smallpedia,24,rel_24,0.060535
tkgl-smallpedia,25,rel_25,0.106203
tkgl-smallpedia,26,rel_26,0.167174
tkgl-smallpedia,27,rel_27,0.120359
tkgl-smallpedia,28,rel_28,0.157076
tkgl-smallpedia,29,rel_29,0.159837
tkgl-smallpedia,30,rel_30,0.075986
tkgl-smallpedia,31,rel_31,0.16574
tkgl-smallpedia,32,rel_32,0.123035
tkgl-smallpedia,33,rel_33,0.0566
tkgl-smallpedia,34,rel_34,0.118455
tkgl-smallpedia,35,rel_35,0.072145
tkgl-smallpedia,36,rel_36,0.107153
tkgl-smallpedia,37,rel_37,0.08803
tkgl-smallpedia,38,rel_38,0.054583
tkgl-smallpedia,39,rel_39,0.078361
tkgl-smallpedia,40,rel_40,0.054816
tkgl-smallpedia,41,rel_41,0.099477
tkgl-smallpedia,42,rel_42,0.130964
tkgl-smallpedia,43,rel_43,0.105026
tkgl-smallpedia,44,rel_44,0.087098
tkgl-smallpedia,45,rel_45,0.059434
tkgl-smallpedia,46,rel_46,0.06689
tkgl-smallpedia,47,rel_47,0.163124
tkgl-smallpedia,48,rel_48,0.077439
tkgl-smallpedia,49,rel_49,0.110502
tkgl-smallpedia,50,rel_50,0.072318
tkgl-smallpedia,51,rel_51,0.072762
tkgl-smallpedia,52,rel_52,0.121364
tkgl-smallpedia,53,rel_53,0.164825
tkgl-smallpedia,54,rel_54,0.131113
tkgl-smallpedia,55,rel_55,0.070809
tkgl-smallpedia,56,rel_56,0.095418
tkgl-smallpedia,57,rel_57,0.071348
tkgl-smallpedia,58,rel_58,0.153392
tkgl-smallpedia,59,rel_59,0.112983
tkgl-smallpedia,60,rel_60,0.060073
tkgl-smallpedia,61,rel_61,0.151509
tkgl-smallpedia,62,rel_62,0.10007
tkgl-smallpedia,63,rel_63,0.116728
tkgl-smallpedia,64,rel_64,0.107004
tkgl-smallpedia,65,rel_65,0.093877
tkgl-smallpedia,66,rel_66,0.119011
tkgl-smallpedia,67,rel_67,0.119809
tkgl-smallpedia,68,rel_68,0.072356
tkgl-smallpedia,69,rel_69,0.097107
tkgl-smallpedia,70,rel_70,0.085878
tkgl-smallpedia,71,rel_71,0.073066
tkgl-smallpedia,72,rel_72,0.068725
tkgl-smallpedia,73,rel_73,0.148963
tkgl-smallpedia,74,rel_74,0.111552
tkgl-smallpedia,75,rel_75,0.077753
tkgl-smallpedia,76,rel_76,0.151267
tkgl-smallpedia,77,rel_77,0.060924
tkgl-smallpedia,78,rel_78,0.081653
tkgl-smallpedia,79,rel_79,0.084838
tkgl-smallpedia,80,rel_80,0.117261
tkgl-smallpedia,81,rel_81,0.083729
tkgl-smallpedia,82,rel_82,0.081238
tkgl-smallpedia,83,rel_83,0.092305
tkgl-smallpedia,84,rel_84,0.075365
tkgl-smallpedia,85,rel_85,0.099686
tkgl-smallpedia,86,rel_86,0.107141
tkgl-smallpedia,87,rel_87,0.1117
tkgl-smallpedia,88,rel_88,0.067239
tkgl-smallpedia,89,rel_89,0.105851
tkgl-smallpedia,90,rel_90,0.072066
tkgl-smallpedia,91,rel_91,0.105469
tkgl-smallpedia,92,rel_92,0.157998
tkgl-smallpedia,93,rel_93,0.139654
tkgl-smallpedia,94,rel_94,0.069965
tkgl-smallpedia,95,rel_95,0.055822
tkgl-smallpedia,96,rel_96,0.079197
tkgl-smallpedia,97,rel_97,0.074089
tkgl-smallpedia,98,rel_98,0.057757
tkgl-smallpedia,99,rel_99,0.055702
tkgl-smallpedia,100,rel_100,0.173795
tkgl-smallpedia,101,rel_101,0.082993
tkgl-smallpedia,102,rel_102,0.126766
tkgl-smallpedia,103,rel_103,0.160158
tkgl-smallpedia,104,rel_104,0.096617
tkgl-smallpedia,105,rel_105,0.086219
tkgl-smallpedia,106,rel_106,0.166985
tkgl-smallpedia,107,rel_107,0.125948
tkgl-smallpedia,108,rel_108,0.06999
tkgl-smallpedia,109,rel_109,0.059274
tkgl-smallpedia,110,rel_110,0.065569
tkgl-smallpedia,111,rel_111,0.103597
tkgl-smallpedia,112,rel_112,0.075662
tkgl-smallpedia,113,rel_113,0.075637
tkgl-smallpedia,114,rel_114,0.093829
tkgl-smallpedia,115,rel_115,0.083038
tkgl-smallpedia,116,rel_116,0.076665
tkgl-smallpedia,117,rel_117,0.079821
tkgl-smallpedia,118,rel_118,0.069313
tkgl-smallpedia,119,rel_119,0.168004
tkgl-smallpedia,120,rel_120,0.166026
tkgl-smallpedia,121,rel_121,0.140482
tkgl-smallpedia,122,rel_122,0.083677
tkgl-smallpedia,123,rel_123,0.085542
tkgl-smallpedia,124,rel_124,0.06941
tkgl-smallpedia,125,rel_125,0.085762
tkgl-smallpedia,126,rel_126,0.138819
tkgl-smallpedia,127,rel_127,0.162994
tkgl-smallpedia,128,rel_128,0.07583
tkgl-smallpedia,129,rel_129,0.060585
tkgl-smallpedia,130,rel_130,0.125553
tkgl-smallpedia,131,rel_131,0.097269
tkgl-smallpedia,132,rel_132,0.093753
tkgl-smallpedia,133,rel_133,0.125704
tkgl-smallpedia,134,rel_134,0.074958
tkgl-smallpedia,135,rel_135,0.075225
tkgl-smallpedia,136,rel_136,0.085642
tkgl-smallpedia,137,rel_137,0.060744
tkgl-smallpedia,138,rel_138,0.08625
tkgl-smallpedia,139,rel_139,0.164436
tkgl-smallpedia,140,rel_140,0.085383
tkgl-smallpedia,141,rel_141,0.084472
tkgl-smallpedia,142,rel_142,0.17552
tkgl-smallpedia,143,rel_143,0.070395
tkgl-smallpedia,144,rel_144,0.166391
tkgl-smallpedia,145,rel_145,0.170976
tkgl-smallpedia,146,rel_146,0.070296
tkgl-smallpedia,147,rel_147,0.168094
tkgl-smallpedia,148,rel_148,0.160833
tkgl-smallpedia,149,rel_149,0.060751
tkgl-smallpedia,150,rel_150,0.072691
tkgl-smallpedia,151,rel_151,0.061085
tkgl-smallpedia,152,rel_152,0.173209
tkgl-smallpedia,153,rel_153,0.124501
tkgl-smallpedia,154,rel_154,0.165473
tkgl-smallpedia,155,rel_155,0.108912
tkgl-smallpedia,156,rel_156,0.07479
tkgl-smallpedia,157,rel_157,0.072645
tkgl-smallpedia,158,rel_158,0.161563
tkgl-smallpedia,159,rel_159,0.185737
tkgl-smallpedia,160,rel_160,0.173832
tkgl-smallpedia,161,rel_161,0.079781
tkgl-smallpedia,162,rel_162,0.087554
tkgl-smallpedia,163,rel_163,0.085467
tkgl-smallpedia,164,rel_164,0.083595
tkgl-smallpedia,165,rel_165,0.095352
tkgl-smallpedia,166,rel_166,0.158811
tkgl-smallpedia,167,rel_167,0.070355
tkgl-smallpedia,168,rel_168,0.069033
tkgl-smallpedia,169,rel_169,0.17523
tkgl-smallpedia,170,rel_170,0.166987
tkgl-smallpedia,171,rel_171,0.034095
tkgl-smallpedia,172,rel_172,0.034095
tkgl-smallpedia,173,rel_173,0.034095
tkgl-smallpedia,174,rel_174,0.034095
tkgl-smallpedia,175,rel_175,0.034095
tkgl-smallpedia,176,rel_176,0.034095
tkgl-smallpedia,177,rel_177,0.034095
tkgl-smallpedia,178,rel_178,0.034095
tkgl-smallpedia,179,rel_179,0.082678
tkgl-smallpedia,180,rel_180,0.034095
tkgl-smallpedia,181,rel_181,0.034095
tkgl-smallpedia,182,rel_182,0.034095
tkgl-smallpedia,183,rel_183,0.034095
tkgl-smallpedia,184,rel_184,0.034095
tkgl-smallpedia,185,rel_185,0.034095
tkgl-smallpedia,186,rel_186,0.034095
tkgl-smallpedia,187,rel_187,0.034095
tkgl-smallpedia,188,rel_188,0.034095
tkgl-smallpedia,189,rel_189,0.034095
tkgl-smallpedia,190,rel_190,0.083658
tkgl-smallpedia,191,rel_191,0.034095
tkgl-smallpedia,192,rel_192,0.034095
tkgl-smallpedia,193,rel_193,0.034095
tkgl-smallpedia,194,rel_194,0.034095
tkgl-smallpedia,195,rel_195,0.034095
tkgl-smallpedia,196,rel_196,0.034095
tkgl-smallpedia,197,rel_197,0.034095
tkgl-smallpedia,198,rel_198,0.034095
tkgl-smallpedia,199,rel_199,0.034095
tkgl-smallpedia,200,rel_200,0.034095
tkgl-smallpedia,201,rel_201,0.074911
tkgl-smallpedia,202,rel_202,0.034095
tkgl-smallpedia,203,rel_203,0.034095
tkgl-smallpedia,204,rel_204,0.034095
tkgl-smallpedia,205,rel_205,0.172506
tkgl-smallpedia,206,rel_206,0.087737
tkgl-smallpedia,207,rel_207,0.092676
tkgl-smallpedia,208,rel_208,0.108923
tkgl-smallpedia,209,rel_209,0.130676
tkgl-smallpedia,210,rel_210,0.099955
tkgl-smallpedia,211,rel_211,0.085963
tkgl-smallpedia,212,rel_212,0.068367
tkgl-smallpedia,213,rel_213,0.142223
tkgl-smallpedia,214,rel_214,0.143893
tkgl-smallpedia,215,rel_215,0.106683
tkgl-smallpedia,216,rel_216,0.124236
tkgl-smallpedia,217,rel_217,0.11854
tkgl-smallpedia,218,rel_218,0.070758
tkgl-smallpedia,219,rel_219,0.075368
tkgl-smallpedia,220,rel_220,0.063382
tkgl-smallpedia,221,rel_221,0.070281
tkgl-smallpedia,222,rel_222,0.089337
tkgl-smallpedia,223,rel_223,0.153712
tkgl-smallpedia,224,rel_224,0.081134
tkgl-smallpedia,225,rel_225,0.083498
tkgl-smallpedia,226,rel_226,0.074617
tkgl-smallpedia,227,rel_227,0.093202
tkgl-smallpedia,228,rel_228,0.080083
tkgl-smallpedia,229,rel_229,0.096598
tkgl-smallpedia,230,rel_230,0.067721
tkgl-smallpedia,231,rel_231,0.074657
tkgl-smallpedia,232,rel_232,0.068481
tkgl-smallpedia,233,rel_233,0.115872
tkgl-smallpedia,234,rel_234,0.076349
tkgl-smallpedia,235,rel_235,0.054449
tkgl-smallpedia,236,rel_236,0.07097
tkgl-smallpedia,237,rel_237,0.076918
tkgl-smallpedia,238,rel_238,0.079367
tkgl-smallpedia,239,rel_239,0.083976
tkgl-smallpedia,240,rel_240,0.05378
tkgl-smallpedia,241,rel_241,0.087804
tkgl-smallpedia,242,rel_242,0.077888
tkgl-smallpedia,243,rel_243,0.080131
tkgl-smallpedia,244,rel_244,0.074084
tkgl-smallpedia,245,rel_245,0.087847
tkgl-smallpedia,246,rel_246,0.07324
tkgl-smallpedia,247,rel_247,0.104344
tkgl-smallpedia,248,rel_248,0.057959
tkgl-smallpedia,249,rel_249,0.094285
tkgl-smallpedia,250,rel_250,0.078957
tkgl-smallpedia,251,rel_251,0.079812
tkgl-smallpedia,252,rel_252,0.072798
tkgl-smallpedia,253,rel_253,0.11737
tkgl-smallpedia,254,rel_254,0.077542
tkgl-smallpedia,255,rel_255,0.074417
tkgl-smallpedia,256,rel_256,0.102151
tkgl-smallpedia,257,rel_257,0.063137
tkgl-smallpedia,258,rel_258,0.072425
tkgl-smallpedia,259,rel_259,0.109199
tkgl-smallpedia,260,rel_260,0.107664
tkgl-smallpedia,261,rel_261,0.072712
tkgl-smallpedia,262,rel_262,0.07219
tkgl-smallpedia,263,rel_263,0.08505
tkgl-smallpedia,264,rel_264,0.079735
tkgl-smallpedia,265,rel_265,0.074646
tkgl-smallpedia,266,rel_266,0.06707
tkgl-smallpedia,267,rel_267,0.096302
tkgl-smallpedia,268,rel_268,0.076541
tkgl-smallpedia,269,rel_269,0.07103
tkgl-smallpedia,270,rel_270,0.071055
tkgl-smallpedia,271,rel_271,0.095813
tkgl-smallpedia,272,rel_272,0.088556
tkgl-smallpedia,273,rel_273,0.084383
tkgl-smallpedia,274,rel_274,0.058553
tkgl-smallpedia,275,rel_275,0.081006
tkgl-smallpedia,276,rel_276,0.080454
tkgl-smallpedia,277,rel_277,0.07613
tkgl-smallpedia,278,rel_278,0.083354
tkgl-smallpedia,279,rel_279,0.093565
tkgl-smallpedia,280,rel_280,0.087101
tkgl-smallpedia,281,rel_281,0.060919
tkgl-smallpedia,282,rel_282,0.13016
tkgl-smallpedia,283,rel_283,0.070265
tkgl-smallpedia,284,rel_284,0.110738
tkgl-smallpedia,285,rel_285,0.068027
tkgl-smallpedia,286,rel_286,0.073793
tkgl-smallpedia,287,rel_287,0.096968
tkgl-smallpedia,288,rel_288,0.096207
tkgl-smallpedia,289,rel_289,0.072054
tkgl-smallpedia,290,rel_290,0.071839
tkgl-smallpedia,291,rel_291,0.054318
tkgl-smallpedia,292,rel_292,0.078384
tkgl-smallpedia,293,rel_293,0.091664
tkgl-smallpedia,294,rel_294,0.056001
tkgl-smallpedia,295,rel_295,0.099268
tkgl-smallpedia,296,rel_296,0.102702
tkgl-smallpedia,297,rel_297,0.096373
tkgl-smallpedia,298,rel_298,0.094191
tkgl-smallpedia,299,rel_299,0.127908
tkgl-smallpedia,300,rel_300,0.1598
tkgl-smallpedia,301,rel_301,0.085053
tkgl-smallpedia,302,rel_302,0.139806
tkgl-smallpedia,303,rel_303,0.113324
tkgl-smallpedia,304,rel_304,0.137109
tkgl-smallpedia,305,rel_305,0.107752
tkgl-smallpedia,306,rel_306,0.146673
tkgl-smallpedia,307,rel_307,0.210602
tkgl-smallpedia,308,rel_308,0.138114
tkgl-smallpedia,309,rel_309,0.099549
tkgl-smallpedia,310,rel_310,0.100406
tkgl-smallpedia,311,rel_311,0.131064
tkgl-smallpedia,312,rel_312,0.060155
tkgl-smallpedia,313,rel_313,0.065118
tkgl-smallpedia,314,rel_314,0.16233
tkgl-smallpedia,315,rel_315,0.108882
tkgl-smallpedia,316,rel_316,0.090812
tkgl-smallpedia,317,rel_317,0.089291
tkgl-smallpedia,318,rel_318,0.08823
tkgl-smallpedia,319,rel_319,0.123423
tkgl-smallpedia,320,rel_320,0.135997
tkgl-smallpedia,321,rel_321,0.140313
tkgl-smallpedia,322,rel_322,0.117103
tkgl-smallpedia,323,rel_323,0.082312
tkgl-smallpedia,324,rel_324,0.126891
tkgl-smallpedia,325,rel_325,0.157003
tkgl-smallpedia,326,rel_326,0.092035
tkgl-smallpedia,327,rel_327,0.095927
tkgl-smallpedia,328,rel_328,0.146478
tkgl-smallpedia,329,rel_329,0.148003
tkgl-smallpedia,330,rel_330,0.102022
tkgl-smallpedia,331,rel_331,0.140131
tkgl-smallpedia,332,rel_332,0.093586
tkgl-smallpedia,333,rel_333,0.076393
tkgl-smallpedia,334,rel_334,0.09822
tkgl-smallpedia,335,rel_335,0.065891
tkgl-smallpedia,336,rel_336,0.112599
tkgl-smallpedia,337,rel_337,0.118831
tkgl-smallpedia,338,rel_338,0.069441
tkgl-smallpedia,339,rel_339,0.097783
tkgl-smallpedia,340,rel_340,0.144467
tkgl-smallpedia,341,rel_341,0.155891
tkgl-smallpedia,342,rel_342,0.130072
tkgl-smallpedia,343,rel_343,0.086059
tkgl-smallpedia,344,rel_344,0.068981
tkgl-smallpedia,345,rel_345,0.164821
tkgl-smallpedia,346,rel_346,0.079276
tkgl-smallpedia,347,rel_347,0.129226
tkgl-smallpedia,348,rel_348,0.075264
tkgl-smallpedia,349,rel_349,0.125564
tkgl-smallpedia,350,rel_350,0.147937
tkgl-smallpedia,351,rel_351,0.069936
tkgl-smallpedia,352,rel_352,0.070431
tkgl-smallpedia,353,rel_353,0.084541
tkgl-smallpedia,354,rel_354,0.065943
tkgl-smallpedia,355,rel_355,0.095279
tkgl-smallpedia,356,rel_356,0.099286
tkgl-smallpedia,357,rel_357,0.073944
tkgl-smallpedia,358,rel_358,0.088091
tkgl-smallpedia,359,rel_359,0.090062
tkgl-smallpedia,360,rel_360,0.07936
tkgl-smallpedia,361,rel_361,0.119232
tkgl-smallpedia,362,rel_362,0.094166
tkgl-smallpedia,363,rel_363,0.095673
tkgl-smallpedia,364,rel_364,0.094484
tkgl-smallpedia,365,rel_365,0.084277
tkgl-smallpedia,366,rel_366,0.11886
tkgl-smallpedia,367,rel_367,0.161573
tkgl-smallpedia,368,rel_368,0.098076
tkgl-smallpedia,369,rel_369,0.149532
tkgl-smallpedia,370,rel_370,0.081141
tkgl-smallpedia,371,rel_371,0.086393
tkgl-smallpedia,372,rel_372,0.113692
tkgl-smallpedia,373,rel_373,0.141857
tkgl-smallpedia,374,rel_374,0.058816
tkgl-smallpedia,375,rel_375,0.134671
tkgl-smallpedia,376,rel_376,0.125071
tkgl-smallpedia,377,rel_377,0.109579
tkgl-smallpedia,378,rel_378,0.102868
tkgl-smallpedia,379,rel_379,0.09417
tkgl-smallpedia,380,rel_380,0.072912
tkgl-smallpedia,381,rel_381,0.174589
tkgl-smallpedia,382,rel_382,0.114679
tkgl-smallpedia,383,rel_383,0.159208
tkgl-smallpedia,384,rel_384,0.083834
tkgl-smallpedia,385,rel_385,0.063052
tkgl-smallpedia,386,rel_386,0.069522
tkgl-smallpedia,387,rel_387,0.169677
tkgl-smallpedia,388,rel_388,0.099321
tkgl-smallpedia,389,rel_389,0.08151
tkgl-smallpedia,390,rel_390,0.094573
tkgl-smallpedia,391,rel_391,0.151294
tkgl-smallpedia,392,rel_392,0.076031
tkgl-smallpedia,393,rel_393,0.113621
tkgl-smallpedia,394,rel_394,0.091847
tkgl-smallpedia,395,rel_395,0.091203
tkgl-smallpedia,396,rel_396,0.100962
tkgl-smallpedia,397,rel_397,0.083679
tkgl-smallpedia,398,rel_398,0.074927
tkgl-smallpedia,399,rel_399,0.164803
tkgl-smallpedia,400,rel_400,0.164282
tkgl-smallpedia,401,rel_401,0.088014
tkgl-smallpedia,402,rel_402,0.085235
tkgl-smallpedia,403,rel_403,0.068189
tkgl-smallpedia,404,rel_404,0.09986
tkgl-smallpedia,405,rel_405,0.164006
tkgl-smallpedia,406,rel_406,0.068843
tkgl-smallpedia,407,rel_407,0.169327
tkgl-smallpedia,408,rel_408,0.064215
tkgl-smallpedia,409,rel_409,0.05841
tkgl-smallpedia,410,rel_410,0.076687
tkgl-smallpedia,411,rel_411,0.066074
tkgl-smallpedia,412,rel_412,0.075135
tkgl-smallpedia,413,rel_413,0.057929
tkgl-smallpedia,414,rel_414,0.055698
tkgl-smallpedia,415,rel_415,0.078833
tkgl-smallpedia,416,rel_416,0.07907
tkgl-smallpedia,417,rel_417,0.152252
tkgl-smallpedia,418,rel_418,0.092607
tkgl-smallpedia,419,rel_419,0.085159
tkgl-smallpedia,420,rel_420,0.094857
tkgl-smallpedia,421,rel_421,0.160536
tkgl-smallpedia,422,rel_422,0.172495
tkgl-smallpedia,423,rel_423,0.077868
tkgl-smallpedia,424,rel_424,0.077007
tkgl-smallpedia,425,rel_425,0.059354
tkgl-smallpedia,426,rel_426,0.091467
tkgl-smallpedia,427,rel_427,0.076079
tkgl-smallpedia,428,rel_428,0.101687
tkgl-smallpedia,429,rel_429,0.078672
tkgl-smallpedia,430,rel_430,0.079933
tkgl-smallpedia,431,rel_431,0.075021
tkgl-smallpedia,432,rel_432,0.105673
tkgl-smallpedia,433,rel_433,0.139147
tkgl-smallpedia,434,rel_434,0.073298
tkgl-smallpedia,435,rel_435,0.100421
tkgl-smallpedia,436,rel_436,0.083112
tkgl-smallpedia,437,rel_437,0.083778
tkgl-smallpedia,438,rel_438,0.086329
tkgl-smallpedia,439,rel_439,0.13288
tkgl-smallpedia,440,rel_440,0.07759
tkgl-smallpedia,441,rel_441,0.074761
tkgl-smallpedia,442,rel_442,0.072692
tkgl-smallpedia,443,rel_443,0.173276
tkgl-smallpedia,444,rel_444,0.108695
tkgl-smallpedia,445,rel_445,0.084539
tkgl-smallpedia,446,rel_446,0.084711
tkgl-smallpedia,447,rel_447,0.088714
tkgl-smallpedia,448,rel_448,0.097615
tkgl-smallpedia,449,rel_449,0.076419
tkgl-smallpedia,450,rel_450,0.111898
tkgl-smallpedia,451,rel_451,0.081895
tkgl-smallpedia,452,rel_452,0.078055
tkgl-smallpedia,453,rel_453,0.174913
tkgl-smallpedia,454,rel_454,0.103111
tkgl-smallpedia,455,rel_455,0.074613
tkgl-smallpedia,456,rel_456,0.125603
tkgl-smallpedia,457,rel_457,0.06282
tkgl-smallpedia,458,rel_458,0.071799
tkgl-smallpedia,459,rel_459,0.176527
tkgl-smallpedia,460,rel_460,0.164284
tkgl-smallpedia,461,rel_461,0.172882
tkgl-smallpedia,462,rel_462,0.167764
tkgl-smallpedia,463,rel_463,0.102689
tkgl-smallpedia,464,rel_464,0.071281
tkgl-smallpedia,465,rel_465,0.061361
tkgl-smallpedia,466,rel_466,0.163394
tkgl-smallpedia,467,rel_467,0.1178
tkgl-smallpedia,468,rel_468,0.090696
tkgl-smallpedia,469,rel_469,0.132796
tkgl-smallpedia,470,rel_470,0.126858
tkgl-smallpedia,471,rel_471,0.071236
tkgl-smallpedia,472,rel_472,0.179454
tkgl-smallpedia,473,rel_473,0.145285
tkgl-smallpedia,474,rel_474,0.12819
tkgl-smallpedia,475,rel_475,0.077085
tkgl-smallpedia,476,rel_476,0.081825
tkgl-smallpedia,477,rel_477,0.114299
tkgl-smallpedia,478,rel_478,0.123372
tkgl-smallpedia,479,rel_479,0.074286
tkgl-smallpedia,480,rel_480,0.097346
tkgl-smallpedia,481,rel_481,0.177241
tkgl-smallpedia,482,rel_482,0.16737
tkgl-smallpedia,483,rel_483,0.093452
tkgl-smallpedia,484,rel_484,0.136046
tkgl-smallpedia,485,rel_485,0.034095
tkgl-smallpedia,486,rel_486,0.034095
tkgl-smallpedia,487,rel_487,0.034095
tkgl-smallpedia,488,rel_488,0.034095
tkgl-smallpedia,489,rel_489,0.034095
tkgl-smallpedia,490,rel_490,0.088037
tkgl-smallpedia,491,rel_491,0.034095
tkgl-smallpedia,492,rel_492,0.034095
tkgl-smallpedia,493,rel_493,0.034095
tkgl-smallpedia,494,rel_494,0.034095
tkgl-smallpedia,495,rel_495,0.034095
tkgl-smallpedia,496,rel_496,0.034095
tkgl-smallpedia,497,rel_497,0.034095
tkgl-smallpedia,498,rel_498,0.034095
tkgl-smallpedia,499,rel_499,0.034095
tkgl-smallpedia,500,rel_500,0.034095
tkgl-smallpedia,501,rel_501,0.053798
tkgl-smallpedia,502,rel_502,0.034095
tkgl-smallpedia,503,rel_503,0.034095
tkgl-smallpedia,504,rel_504,0.034095
tkgl-smallpedia,505,rel_505,0.034095
tkgl-smallpedia,506,rel_506,0.034095
tkgl-smallpedia,507,rel_507,0.034095
tkgl-smallpedia,508,rel_508,0.034095
tkgl-smallpedia,509,rel_509,0.034095
tkgl-smallpedia,510,rel_510,0.034095
tkgl-smallpedia,511,rel_511,0.034095
tkgl-smallpedia,512,rel_512,0.06777
tkgl-smallpedia,513,rel_513,0.034095
tkgl-smallpedia,514,rel_514,0.034095
tkgl-smallpedia,515,rel_515,0.034095
tkgl-smallpedia,516,rel_516,0.034095
tkgl-smallpedia,517,rel_517,0.034095
tkgl-smallpedia,518,rel_518,0.034095
tkgl-smallpedia,519,rel_519,0.082336
tkgl-smallpedia,520,rel_520,0.073616
tkgl-smallpedia,521,rel_521,0.082447
tkgl-smallpedia,522,rel_522,0.13956
tkgl-smallpedia,523,rel_523,0.094965
tkgl-smallpedia,524,rel_524,0.076365
tkgl-smallpedia,525,rel_525,0.059281
tkgl-smallpedia,526,rel_526,0.09665
tkgl-smallpedia,527,rel_527,0.053421
tkgl-smallpedia,528,rel_528,0.081804
tkgl-smallpedia,529,rel_529,0.093396
tkgl-smallpedia,530,rel_530,0.076146
tkgl-smallpedia,531,rel_531,0.074106
tkgl-smallpedia,532,rel_532,0.107715
tkgl-smallpedia,533,rel_533,0.144674
tkgl-smallpedia,534,rel_534,0.0853
tkgl-smallpedia,535,rel_535,0.086835
tkgl-smallpedia,536,rel_536,0.058177
tkgl-smallpedia,537,rel_537,0.059812
tkgl-smallpedia,538,rel_538,0.073769
tkgl-smallpedia,539,rel_539,0.094026
tkgl-smallpedia,540,rel_540,0.072982
tkgl-smallpedia,541,rel_541,0.054326
tkgl-smallpedia,542,rel_542,0.076048
tkgl-smallpedia,543,rel_543,0.094003
tkgl-smallpedia,544,rel_544,0.116753
tkgl-smallpedia,545,rel_545,0.056172
tkgl-smallpedia,546,rel_546,0.104967
tkgl-smallpedia,547,rel_547,0.104942
tkgl-smallpedia,548,rel_548,0.083762
tkgl-smallpedia,549,rel_549,0.082475
tkgl-smallpedia,550,rel_550,0.127022
tkgl-smallpedia,551,rel_551,0.093828
tkgl-smallpedia,552,rel_552,0.128048
tkgl-smallpedia,553,rel_553,0.139783
tkgl-smallpedia,554,rel_554,0.134834
tkgl-smallpedia,555,rel_555,0.076226
tkgl-smallpedia,556,rel_556,0.107116
tkgl-smallpedia,557,rel_557,0.097837
tkgl-smallpedia,558,rel_558,0.094804
tkgl-smallpedia,559,rel_559,0.122561
tkgl-smallpedia,560,rel_560,0.102112
tkgl-smallpedia,561,rel_561,0.09132
tkgl-smallpedia,562,rel_562,0.085408
tkgl-smallpedia,563,rel_563,0.066106
tkgl-smallpedia,564,rel_564,0.151797
tkgl-smallpedia,565,rel_565,0.088405
ICEWS14-V5b,0,Criticize or denounce,0.693147
ICEWS14-V5b,1,Express intent to meet or negotiate,0.693147
ICEWS14-V5b,2,Consult,0.693147
ICEWS14-V5b,3,Make an appeal or request,0.693147
ICEWS14-V5b,4,"Abduct, hijack, or take hostage",0.693147
ICEWS14-V5b,5,Praise or endorse,0.693147
ICEWS14-V5b,6,Engage in negotiation,0.693147
ICEWS14-V5b,7,Use unconventional violence,0.693147
ICEWS14-V5b,8,Make statement,0.693147
ICEWS14-V5b,9,"Arrest, detain, or charge with legal action",0.693147
ICEWS14-V5b,10,Use conventional military force,0.693147
ICEWS14-V5b,11,Complain officially,0.693147
ICEWS14-V5b,12,Impose administrative sanctions,0.693147
ICEWS14-V5b,13,Express intent to cooperate,0.693147
ICEWS14-V5b,14,Make a visit,0.693147
ICEWS14-V5b,15,Appeal for de-escalation of military engagement,0.693147
ICEWS14-V5b,16,Sign formal agreement,0.693147
ICEWS14-V5b,17,Attempt to assassinate,0.693147
ICEWS14-V5b,18,Host a visit,0.693147
ICEWS14-V5b,19,Increase military alert status,0.693147
ICEWS14-V5b,20,"Impose embargo, boycott, or sanctions",0.693147
ICEWS14-V5b,21,Provide economic aid,0.693147
ICEWS14-V5b,22,Demonstrate or rally,0.693147
ICEWS14-V5b,23,Express intent to engage in diplomatic cooperation (such as policy support),0.693147
ICEWS14-V5b,24,Appeal for intelligence,0.693147
ICEWS14-V5b,25,Demand,0.693147
ICEWS14-V5b,26,Carry out suicide bombing,0.693147
ICEWS14-V5b,27,Threaten,0.693147
ICEWS14-V5b,28,Express intent to provide material aid,0.693147
ICEWS14-V5b,29,Grant diplomatic recognition,0.693147
ICEWS14-V5b,30,Meet at a 'third' location,0.693147
ICEWS14-V5b,31,Accuse,0.693147
ICEWS14-V5b,32,Investigate,0.693147
ICEWS14-V5b,33,Reject,0.693147
ICEWS14-V5b,34,Appeal for diplomatic cooperation (such as policy support),0.693147
ICEWS14-V5b,35,Engage in symbolic act,0.693147
ICEWS14-V5b,36,"Defy norms, law",0.693147
ICEWS14-V5b,37,Consider policy option,0.693147
ICEWS14-V5b,38,Provide aid,0.693147
ICEWS14-V5b,39,Sexually assault,0.693147
ICEWS14-V5b,40,Make empathetic comment,0.693147
ICEWS14-V5b,41,Bring lawsuit against,0.693147
ICEWS14-V5b,42,"Impose blockade, restrict movement",0.693147
ICEWS14-V5b,43,Make pessimistic comment,0.693147
ICEWS14-V5b,44,"Protest violently, riot",0.693147
ICEWS14-V5b,45,Reduce or break diplomatic relations,0.693147
ICEWS14-V5b,46,Grant asylum,0.693147
ICEWS14-V5b,47,Engage in diplomatic cooperation,0.693147
ICEWS14-V5b,48,Make optimistic comment,0.693147
ICEWS14-V5b,49,Torture,0.693147
ICEWS14-V5b,50,Refuse to yield,0.693147
ICEWS14-V5b,51,Appeal for change in leadership,0.693147
ICEWS14-V5b,52,Cooperate militarily,0.693147
ICEWS14-V5b,53,Mobilize or increase armed forces,0.693147
ICEWS14-V5b,54,fight with small arms and light weapons,0.693147
ICEWS14-V5b,55,Ease administrative sanctions,0.693147
ICEWS14-V5b,56,Appeal for political reform,0.693147
ICEWS14-V5b,57,"Return, release person(s)",0.693147
ICEWS14-V5b,58,Discuss by telephone,0.693147
ICEWS14-V5b,59,Demonstrate for leadership change,0.693147
ICEWS14-V5b,60,Impose restrictions on political freedoms,0.693147
ICEWS14-V5b,61,Reduce relations,0.693147
ICEWS14-V5b,62,"Investigate crime, corruption",0.693147
ICEWS14-V5b,63,Engage in material cooperation,0.693147
ICEWS14-V5b,64,Appeal to others to meet or negotiate,0.693147
ICEWS14-V5b,65,Provide humanitarian aid,0.693147
ICEWS14-V5b,66,Use tactics of violent repression,0.693147
ICEWS14-V5b,67,Occupy territory,0.693147
ICEWS14-V5b,68,Demand humanitarian aid,0.693147
ICEWS14-V5b,69,Threaten non-force,0.693147
ICEWS14-V5b,70,Express intent to cooperate economically,0.693147
ICEWS14-V5b,71,"Conduct suicide, car, or other non-military bombing",0.693147
ICEWS14-V5b,72,Demand diplomatic cooperation (such as policy support),0.693147
ICEWS14-V5b,73,"Demand meeting, negotiation",0.693147
ICEWS14-V5b,74,Deny responsibility,0.693147
ICEWS14-V5b,75,"Express intent to change institutions, regime",0.693147
ICEWS14-V5b,76,Give ultimatum,0.693147
ICEWS14-V5b,77,Appeal for judicial cooperation,0.693147
ICEWS14-V5b,78,Rally support on behalf of,0.693147
ICEWS14-V5b,79,"Obstruct passage, block",0.693147
ICEWS14-V5b,80,Share intelligence or information,0.693147
ICEWS14-V5b,81,Expel or deport individuals,0.693147
ICEWS14-V5b,82,Confiscate property,0.693147
ICEWS14-V5b,83,Accuse of aggression,0.693147
ICEWS14-V5b,84,Physically assault,0.693147
ICEWS14-V5b,85,Retreat or surrender militarily,0.693147
ICEWS14-V5b,86,Veto,0.693147
ICEWS14-V5b,87,Kill by physical assault,0.693147
ICEWS14-V5b,88,Assassinate,0.693147
ICEWS14-V5b,89,"Appeal for change in institutions, regime",0.693147
ICEWS14-V5b,90,Forgive,0.693147
ICEWS14-V5b,91,"Reject proposal to meet, discuss, or negotiate",0.693147
ICEWS14-V5b,92,Express intent to provide humanitarian aid,0.693147
ICEWS14-V5b,93,Appeal for release of persons or property,0.693147
ICEWS14-V5b,94,Acknowledge or claim responsibility,0.693147
ICEWS14-V5b,95,"Ease economic sanctions, boycott, embargo",0.693147
ICEWS14-V5b,96,Express intent to cooperate militarily,0.693147
ICEWS14-V5b,97,Cooperate economically,0.693147
ICEWS14-V5b,98,Express intent to provide economic aid,0.693147
ICEWS14-V5b,99,Mobilize or increase police power,0.693147
ICEWS14-V5b,100,Employ aerial weapons,0.693147
ICEWS14-V5b,101,Accuse of human rights abuses,0.693147
ICEWS14-V5b,102,Conduct strike or boycott,0.693147
ICEWS14-V5b,103,Appeal for policy change,0.693147
ICEWS14-V5b,104,Demonstrate military or police power,0.693147
ICEWS14-V5b,105,Provide military aid,0.693147
ICEWS14-V5b,106,"Reject plan, agreement to settle dispute",0.693147
ICEWS14-V5b,107,Yield,0.693147
ICEWS14-V5b,108,Appeal for easing of administrative sanctions,0.693147
ICEWS14-V5b,109,Mediate,0.693147
ICEWS14-V5b,110,Apologize,0.693147
ICEWS14-V5b,111,Express intent to release persons or property,0.693147
ICEWS14-V5b,112,Express intent to de-escalate military engagement,0.693147
ICEWS14-V5b,113,Accede to demands for rights,0.693147
ICEWS14-V5b,114,Demand economic aid,0.693147
ICEWS14-V5b,115,Impose state of emergency or martial law,0.693147
ICEWS14-V5b,116,Receive deployment of peacekeepers,0.693147
ICEWS14-V5b,117,Demand de-escalation of military engagement,0.693147
ICEWS14-V5b,118,"Declare truce, ceasefire",0.693147
ICEWS14-V5b,119,Reduce or stop humanitarian assistance,0.693147
ICEWS14-V5b,120,Appeal to others to settle dispute,0.693147
ICEWS14-V5b,121,Reject request for military aid,0.693147
ICEWS14-V5b,122,"Threaten with political dissent, protest",0.693147
ICEWS14-V5b,123,Appeal to engage in or accept mediation,0.693147
ICEWS14-V5b,124,"Express intent to ease economic sanctions, boycott, or embargo",0.693147
ICEWS14-V5b,125,Coerce,0.693147
ICEWS14-V5b,126,fight with artillery and tanks,0.693147
ICEWS14-V5b,127,Express intent to cooperate on intelligence,0.693147
ICEWS14-V5b,128,Express intent to settle dispute,0.693147
ICEWS14-V5b,129,Express accord,0.693147
ICEWS14-V5b,130,Decline comment,0.693147
ICEWS14-V5b,131,Rally opposition against,0.693147
ICEWS14-V5b,132,Halt negotiations,0.693147
ICEWS14-V5b,133,Demand that target yields,0.693147
ICEWS14-V5b,134,Appeal for military aid,0.693147
ICEWS14-V5b,135,Threaten with military force,0.693147
ICEWS14-V5b,136,Express intent to provide military protection or peacekeeping,0.693147
ICEWS14-V5b,137,"Threaten with sanctions, boycott, embargo",0.693147
ICEWS14-V5b,138,Express intent to provide military aid,0.693147
ICEWS14-V5b,139,Demand change in leadership,0.693147
ICEWS14-V5b,140,Appeal for economic aid,0.693147
ICEWS14-V5b,141,Refuse to de-escalate military engagement,0.693147
ICEWS14-V5b,142,Refuse to release persons or property,0.693147
ICEWS14-V5b,143,Increase police alert status,0.693147
ICEWS14-V5b,144,"Return, release property",0.693147
ICEWS14-V5b,145,Ease military blockade,0.693147
ICEWS14-V5b,146,Appeal for material cooperation,0.693147
ICEWS14-V5b,147,Express intent to cooperate on judicial matters,0.693147
ICEWS14-V5b,148,Appeal for economic cooperation,0.693147
ICEWS14-V5b,149,Demand settling of dispute,0.693147
ICEWS14-V5b,150,"Accuse of crime, corruption",0.693147
ICEWS14-V5b,151,Defend verbally,0.693147
ICEWS14-V5b,152,Provide military protection or peacekeeping,0.693147
ICEWS14-V5b,153,"Accuse of espionage, treason",0.693147
ICEWS14-V5b,154,Seize or damage property,0.693147
ICEWS14-V5b,155,Accede to requests or demands for political reform,0.693147
ICEWS14-V5b,156,"Appeal for easing of economic sanctions, boycott, or embargo",0.693147
ICEWS14-V5b,157,Threaten to reduce or stop aid,0.693147
ICEWS14-V5b,158,Engage in judicial cooperation,0.693147
ICEWS14-V5b,159,Appeal to yield,0.693147
ICEWS14-V5b,160,Demand military aid,0.693147
ICEWS14-V5b,161,Refuse to ease administrative sanctions,0.693147
ICEWS14-V5b,162,Demand release of persons or property,0.693147
ICEWS14-V5b,163,Accede to demands for change in leadership,0.693147
ICEWS14-V5b,164,Appeal for humanitarian aid,0.693147
ICEWS14-V5b,165,Threaten with repression,0.693147
ICEWS14-V5b,166,"Demand change in institutions, regime",0.693147
ICEWS14-V5b,167,Demonstrate for policy change,0.693147
ICEWS14-V5b,168,Appeal for aid,0.693147
ICEWS14-V5b,169,Appeal for rights,0.693147
ICEWS14-V5b,170,Engage in violent protest for rights,0.693147
ICEWS14-V5b,171,Express intent to mediate,0.693147
ICEWS14-V5b,172,Expel or withdraw peacekeepers,0.693147
ICEWS14-V5b,173,Appeal for military protection or peacekeeping,0.693147
ICEWS14-V5b,174,Engage in mass killings,0.693147
ICEWS14-V5b,175,Accuse of war crimes,0.693147
ICEWS14-V5b,176,Reject military cooperation,0.693147
ICEWS14-V5b,177,Threaten to halt negotiations,0.693147
ICEWS14-V5b,178,Ban political parties or politicians,0.693147
ICEWS14-V5b,179,Express intent to change leadership,0.693147
ICEWS14-V5b,180,Demand material cooperation,0.693147
ICEWS14-V5b,181,Express intent to institute political reform,0.693147
ICEWS14-V5b,182,Demand easing of administrative sanctions,0.693147
ICEWS14-V5b,183,Express intent to engage in material cooperation,0.693147
ICEWS14-V5b,184,Reduce or stop economic assistance,0.693147
ICEWS14-V5b,185,Express intent to ease administrative sanctions,0.693147
ICEWS14-V5b,186,Demand intelligence cooperation,0.693147
ICEWS14-V5b,187,Ease curfew,0.693147
ICEWS14-V5b,188,Receive inspectors,0.693147
ICEWS14-V5b,189,Demand rights,0.693147
ICEWS14-V5b,190,Demand political reform,0.693147
ICEWS14-V5b,191,Demand judicial cooperation,0.693147
ICEWS14-V5b,192,Engage in political dissent,0.693147
ICEWS14-V5b,193,Detonate nuclear weapons,0.693147
ICEWS14-V5b,194,Violate ceasefire,0.693147
ICEWS14-V5b,195,Express intent to accept mediation,0.693147
ICEWS14-V5b,196,"Refuse to ease economic sanctions, boycott, or embargo",0.693147
ICEWS14-V5b,197,Demand mediation,0.693147
ICEWS14-V5b,198,Obstruct passage to demand leadership change,0.693147
ICEWS14-V5b,199,Express intent to yield,0.693147
ICEWS14-V5b,200,Conduct hunger strike,0.693147
ICEWS14-V5b,201,Threaten to halt mediation,0.693147
ICEWS14-V5b,202,Reject judicial cooperation,0.693147
ICEWS14-V5b,203,Reduce or stop military assistance,0.693147
ICEWS14-V5b,204,Ease political dissent,0.693147
ICEWS14-V5b,205,Threaten to reduce or break relations,0.693147
ICEWS14-V5b,206,Demobilize armed forces,0.693147
ICEWS14-V5b,207,Use as human shield,0.693147
ICEWS14-V5b,208,Demand policy change,0.693147
ICEWS14-V5b,209,"Accede to demands for change in institutions, regime",0.693147
ICEWS14-V5b,210,Reject economic cooperation,0.693147
ICEWS14-V5b,211,Reject material cooperation,0.693147
ICEWS14-V5b,212,Halt mediation,0.693147
ICEWS14-V5b,213,Accede to demands for change in policy,0.693147
ICEWS14-V5b,214,Investigate war crimes,0.693147
ICEWS14-V5b,215,Threaten with administrative sanctions,0.693147
ICEWS14-V5b,216,Reduce or stop material aid,0.693147
ICEWS14-V5b,217,Destroy property,0.693147
ICEWS14-V5b,218,Express intent to change policy,0.693147
ICEWS14-V5b,219,"Use chemical, biological, or radiological weapons",0.693147
ICEWS14-V5b,220,Reject request for military protection or peacekeeping,0.693147
ICEWS14-V5b,221,Demand material aid,0.693147
ICEWS14-V5b,222,Engage in mass expulsion,0.693147
ICEWS14-V5b,223,Investigate human rights abuses,0.693147
ICEWS14-V5b,224,Carry out car bombing,0.693147
ICEWS14-V5b,225,Expel or withdraw,0.693147
ICEWS14-V5b,226,Ease state of emergency or martial law,0.693147
ICEWS14-V5b,227,Carry out roadside bombing,0.693147
ICEWS14-V5b,228,Appeal for target to allow international involvement (non-mediation),0.693147
ICEWS14-V5b,229,Reject request for change in leadership,0.693147
